epoch,time,train/box_loss,train/cls_loss,train/dfl_loss,metrics/precision(B),metrics/recall(B),metrics/mAP50(B),metrics/mAP50-95(B),val/box_loss,val/cls_loss,val/dfl_loss,lr/pg0,lr/pg1,lr/pg2
1,4.76064,1.7196,2.17433,0.97549,0.76948,0.72928,0.8687,0.52367,1.17566,2.24374,0.87862,0.000524796,0.000524796,0.000524796
2,6.7205,1.24973,0.7401,0.85584,0.00124,0.06996,0.0001,3e-05,3.95108,1515.83,6.8664,0.00106709,0.00106709,0.00106709
3,8.4321,1.234,0.71342,0.85944,0.02951,0.28612,0.01035,0.00546,2.25779,716.642,12.6995,0.00159564,0.00159564,0.00159564
4,10.1511,1.26609,0.69141,0.86794,0.67663,0.74786,0.66144,0.40375,1.15955,1.27408,0.88894,0.00160511,0.00160511,0.00160511
5,11.8615,1.17915,0.64995,0.84349,0.86568,0.84345,0.88247,0.5647,1.15946,0.82839,0.86682,0.00158448,0.00158448,0.00158448
6,13.6288,1.10612,0.6171,0.8496,0.79466,0.88628,0.88984,0.52663,1.21676,0.85194,0.87551,0.00156385,0.00156385,0.00156385
7,15.3333,1.07982,0.62687,0.83043,0.8844,0.85799,0.90235,0.56501,1.13652,0.67599,0.84935,0.00154323,0.00154323,0.00154323
8,17.0845,1.05814,0.59198,0.83609,0.80361,0.81756,0.83866,0.60796,0.94393,0.85498,0.83104,0.0015226,0.0015226,0.0015226
9,18.859,1.07468,0.59641,0.8173,0.87145,0.78443,0.88585,0.60325,1.03794,0.88848,0.82446,0.00150197,0.00150197,0.00150197
10,20.609,1.02371,0.59363,0.81941,0.89857,0.91735,0.91951,0.60528,1.09452,0.64437,0.83617,0.00148134,0.00148134,0.00148134
11,22.3175,0.9992,0.57611,0.82882,0.93379,0.90631,0.93291,0.68489,0.8353,0.53671,0.80669,0.00146071,0.00146071,0.00146071
12,24.0809,0.96591,0.5436,0.82161,0.92578,0.89714,0.93067,0.61747,1.05649,0.63008,0.82751,0.00144008,0.00144008,0.00144008
13,25.8,0.98876,0.54601,0.81296,0.92568,0.89473,0.92852,0.66857,0.92606,0.5573,0.81267,0.00141945,0.00141945,0.00141945
14,27.5219,0.96266,0.54401,0.81379,0.90531,0.91208,0.93661,0.69976,0.86205,0.54691,0.80497,0.00139882,0.00139882,0.00139882
15,29.3009,0.9091,0.52834,0.80849,0.89229,0.93836,0.93231,0.70618,0.81119,0.51909,0.80554,0.00137819,0.00137819,0.00137819
16,31.0814,0.90275,0.5233,0.81133,0.9196,0.91255,0.94659,0.7248,0.80001,0.53321,0.79708,0.00135756,0.00135756,0.00135756
17,32.8672,0.90285,0.52341,0.8072,0.92391,0.90316,0.93659,0.70441,0.84411,0.53422,0.8085,0.00133693,0.00133693,0.00133693
18,34.5837,0.90381,0.52745,0.81173,0.93748,0.89977,0.94611,0.68986,0.87267,0.53371,0.81644,0.0013163,0.0013163,0.0013163
19,36.4412,0.90378,0.51484,0.80858,0.91388,0.92035,0.94816,0.69418,0.87731,0.52635,0.80435,0.00129568,0.00129568,0.00129568
20,38.1702,0.92013,0.51501,0.8083,0.91307,0.92291,0.94969,0.71367,0.80053,0.50217,0.79897,0.00127505,0.00127505,0.00127505
21,39.8865,0.87332,0.50063,0.8044,0.94482,0.88091,0.93264,0.71312,0.81137,0.51273,0.80603,0.00125442,0.00125442,0.00125442
22,41.5979,0.87723,0.50367,0.79903,0.93301,0.92397,0.94496,0.71352,0.80087,0.49108,0.7977,0.00123379,0.00123379,0.00123379
23,43.3266,0.85718,0.50678,0.80305,0.92986,0.92356,0.94237,0.73237,0.79252,0.47798,0.8127,0.00121316,0.00121316,0.00121316
24,45.1109,0.8817,0.52175,0.80663,0.91041,0.90594,0.94074,0.70577,0.87242,0.54887,0.81807,0.00119253,0.00119253,0.00119253
25,46.8271,0.83509,0.48154,0.80721,0.93159,0.91713,0.94372,0.72772,0.77764,0.49164,0.80716,0.0011719,0.0011719,0.0011719
26,48.5556,0.83078,0.48485,0.79791,0.91699,0.93133,0.94425,0.73449,0.79536,0.47892,0.80335,0.00115127,0.00115127,0.00115127
27,50.337,0.80974,0.47098,0.79425,0.89569,0.93993,0.93989,0.73226,0.75845,0.49456,0.79355,0.00113064,0.00113064,0.00113064
28,52.0559,0.84758,0.48989,0.80286,0.94563,0.91048,0.94409,0.73858,0.75699,0.48647,0.79763,0.00111001,0.00111001,0.00111001
29,53.8292,0.84313,0.47962,0.79971,0.9334,0.92097,0.95461,0.7389,0.75344,0.47938,0.79907,0.00108938,0.00108938,0.00108938
30,55.6138,0.80907,0.47023,0.79534,0.94073,0.92252,0.95008,0.73081,0.79564,0.46945,0.80249,0.00106876,0.00106876,0.00106876
31,57.3402,0.79543,0.46385,0.80177,0.94119,0.92596,0.9518,0.72443,0.82397,0.4779,0.80891,0.00104813,0.00104813,0.00104813
32,59.1999,0.83887,0.47881,0.79531,0.93232,0.93104,0.9484,0.75115,0.73003,0.46483,0.79348,0.0010275,0.0010275,0.0010275
33,60.9751,0.81771,0.467,0.79658,0.91316,0.94337,0.95345,0.73163,0.79199,0.49043,0.79776,0.00100687,0.00100687,0.00100687
34,62.7052,0.79267,0.45819,0.78931,0.93618,0.9347,0.9548,0.77054,0.71395,0.43776,0.7904,0.000986239,0.000986239,0.000986239
35,64.4859,0.7786,0.45126,0.78944,0.92782,0.93619,0.95627,0.76513,0.71836,0.44818,0.78999,0.00096561,0.00096561,0.00096561
36,66.208,0.78033,0.45522,0.79388,0.95496,0.91826,0.9528,0.75607,0.74552,0.45601,0.79343,0.000944981,0.000944981,0.000944981
37,67.9323,0.80633,0.46283,0.79227,0.94929,0.91195,0.95951,0.74638,0.73517,0.45033,0.79008,0.000924352,0.000924352,0.000924352
38,69.6595,0.7931,0.45771,0.79149,0.97022,0.90782,0.95902,0.76614,0.68918,0.43021,0.7928,0.000903722,0.000903722,0.000903722
39,71.369,0.75907,0.44137,0.79123,0.89256,0.95076,0.95255,0.76908,0.6818,0.43015,0.78837,0.000883093,0.000883093,0.000883093
40,73.0797,0.74646,0.43945,0.78743,0.95403,0.90976,0.9548,0.76558,0.68218,0.43009,0.78648,0.000862464,0.000862464,0.000862464
41,74.7958,0.76562,0.44124,0.79134,0.93287,0.93744,0.95607,0.76167,0.71123,0.45311,0.79289,0.000841835,0.000841835,0.000841835
42,76.5209,0.77154,0.44449,0.78947,0.93361,0.92289,0.95241,0.7723,0.66544,0.42376,0.78245,0.000821206,0.000821206,0.000821206
43,78.2911,0.75529,0.44194,0.79107,0.93933,0.92938,0.9526,0.76651,0.69652,0.43296,0.78674,0.000800577,0.000800577,0.000800577
44,80.0148,0.78802,0.43942,0.78937,0.89391,0.95951,0.9595,0.76849,0.67696,0.43659,0.78364,0.000779948,0.000779948,0.000779948
45,81.8693,0.741,0.43483,0.7884,0.9376,0.93055,0.95876,0.7673,0.70219,0.43318,0.79218,0.000759318,0.000759318,0.000759318
46,83.5886,0.72194,0.42168,0.7846,0.9282,0.95527,0.97105,0.7616,0.73423,0.42665,0.79725,0.000738689,0.000738689,0.000738689
47,85.3155,0.69476,0.41503,0.78473,0.93613,0.92738,0.95397,0.77076,0.70648,0.42917,0.78597,0.00071806,0.00071806,0.00071806
48,87.0293,0.73096,0.42452,0.7829,0.92248,0.93586,0.95244,0.78245,0.65234,0.42195,0.78281,0.000697431,0.000697431,0.000697431
49,88.8101,0.75053,0.43524,0.78852,0.9335,0.94287,0.96125,0.78124,0.66721,0.41664,0.79235,0.000676802,0.000676802,0.000676802
50,90.5305,0.73693,0.43425,0.79079,0.94454,0.91823,0.96101,0.76955,0.72439,0.44212,0.79826,0.000656173,0.000656173,0.000656173
51,92.2502,0.70445,0.41485,0.78635,0.95046,0.92104,0.95716,0.79437,0.63129,0.40452,0.78323,0.000635544,0.000635544,0.000635544
52,94.0087,0.71488,0.41447,0.78737,0.9349,0.94374,0.95858,0.79193,0.63412,0.39697,0.79267,0.000614915,0.000614915,0.000614915
53,95.7286,0.6957,0.41174,0.78451,0.93646,0.94431,0.95828,0.78081,0.68176,0.40359,0.79192,0.000594286,0.000594286,0.000594286
54,97.449,0.70765,0.40999,0.78584,0.94232,0.93924,0.96009,0.76141,0.71846,0.41744,0.78964,0.000573656,0.000573656,0.000573656
55,99.158,0.69941,0.40959,0.77582,0.92305,0.94735,0.95969,0.78232,0.67809,0.40753,0.78804,0.000553027,0.000553027,0.000553027
56,101.009,0.68422,0.39727,0.77961,0.92204,0.95702,0.96411,0.78043,0.66216,0.40293,0.78758,0.000532398,0.000532398,0.000532398
57,102.728,0.70047,0.40407,0.78237,0.94785,0.95126,0.96486,0.78459,0.68129,0.39462,0.78801,0.000511769,0.000511769,0.000511769
58,104.465,0.68685,0.40297,0.77952,0.93128,0.95436,0.95955,0.79614,0.64494,0.38636,0.78236,0.00049114,0.00049114,0.00049114
59,106.244,0.68197,0.40435,0.776,0.93365,0.94579,0.95624,0.78679,0.65101,0.38878,0.78323,0.000470511,0.000470511,0.000470511
60,107.967,0.69205,0.40219,0.78064,0.94333,0.93588,0.96481,0.78266,0.65004,0.38504,0.78428,0.000449882,0.000449882,0.000449882
61,109.685,0.65173,0.38878,0.779,0.92996,0.959,0.96651,0.80044,0.62389,0.37568,0.78087,0.000429253,0.000429253,0.000429253
62,111.469,0.65278,0.39041,0.78019,0.92322,0.94104,0.96228,0.77137,0.71431,0.41446,0.79272,0.000408623,0.000408623,0.000408623
63,113.19,0.67158,0.39242,0.7804,0.95404,0.95644,0.96801,0.78662,0.67393,0.38749,0.79006,0.000387994,0.000387994,0.000387994
64,114.909,0.65604,0.38151,0.77759,0.93866,0.95582,0.96918,0.8024,0.61952,0.3777,0.77949,0.000367365,0.000367365,0.000367365
65,116.833,0.65582,0.38382,0.77911,0.93731,0.94388,0.96418,0.80303,0.61107,0.38042,0.78238,0.000346736,0.000346736,0.000346736
66,118.606,0.66794,0.38927,0.7765,0.92359,0.94581,0.95724,0.80099,0.61121,0.38473,0.78836,0.000326107,0.000326107,0.000326107
67,120.315,0.6381,0.37676,0.77793,0.92217,0.9578,0.9579,0.80185,0.61431,0.37717,0.78405,0.000305478,0.000305478,0.000305478
68,122.033,0.63254,0.37246,0.78542,0.9447,0.95597,0.96337,0.79157,0.64582,0.38118,0.78602,0.000284849,0.000284849,0.000284849
69,123.752,0.63467,0.37833,0.7792,0.93128,0.95835,0.95904,0.80509,0.58632,0.35734,0.77368,0.00026422,0.00026422,0.00026422
70,125.521,0.65228,0.37854,0.77211,0.96447,0.91914,0.95916,0.81053,0.56199,0.35604,0.77247,0.00024359,0.00024359,0.00024359
71,127.868,0.59276,0.35744,0.77531,0.95325,0.92633,0.9662,0.80544,0.61134,0.36507,0.77998,0.000222961,0.000222961,0.000222961
72,129.58,0.57956,0.35059,0.76715,0.95089,0.93154,0.9635,0.80151,0.62188,0.3656,0.7777,0.000202332,0.000202332,0.000202332
73,131.279,0.59018,0.35375,0.77221,0.95088,0.94182,0.96722,0.81389,0.57828,0.35965,0.77959,0.000181703,0.000181703,0.000181703
74,133.023,0.56342,0.34279,0.76999,0.95207,0.9417,0.95941,0.81364,0.5754,0.35607,0.78106,0.000161074,0.000161074,0.000161074
75,134.724,0.57293,0.34618,0.76935,0.93759,0.95597,0.96395,0.81462,0.5769,0.35487,0.77589,0.000140445,0.000140445,0.000140445
76,136.469,0.57595,0.34757,0.76686,0.94881,0.94281,0.96101,0.81937,0.55838,0.34885,0.7745,0.000119816,0.000119816,0.000119816
77,138.213,0.56786,0.34496,0.76397,0.93959,0.96198,0.96143,0.8215,0.55557,0.34883,0.77513,9.91865e-05,9.91865e-05,9.91865e-05
78,139.979,0.55967,0.34037,0.76557,0.93934,0.95793,0.96455,0.81636,0.56928,0.34624,0.7762,7.85574e-05,7.85574e-05,7.85574e-05
79,141.701,0.55267,0.33696,0.76821,0.95184,0.95597,0.96159,0.81654,0.56034,0.34423,0.77752,5.79283e-05,5.79283e-05,5.79283e-05
80,143.408,0.55418,0.33593,0.77477,0.9496,0.94717,0.96405,0.82005,0.55745,0.34173,0.7767,3.72991e-05,3.72991e-05,3.72991e-05
